Adelaide,Air Force,Albany,American Bar Association,ABA,American Intellectual Property Law Association,American Law Institute,Journal of the American Medical Association,American Medical Association,"American Society of Composers, Authors & Publishers",American University,Boston College,Boston University,Brigham Young University,Brooklyn,Buffalo,California (California Law Review only),Capital,Chapman,Chartered Life Underwriters,Cincinnati,City University of New York,Cleveland,Columbia,Cumberland,Dartmouth,Denver,Detroit,Dickinson,Duquesne,Florida International University,Foreign Broadcast Information Service,George Mason,George Washington,Georgetown,Gonzaga,Harvard,Howard,John Marshall,Judge Advocate General,Judge Advocate General's,Las Vegas,Lawyers Reports Annotated,Loyola,Marquette,Melbourne,Memphis,New England,New York University,New York University School of Law,Pepperdine,Pittsburgh,Richmond,Rocky Mountain Mineral Law Institute,Saint Louis,San Fernando Valley,Southern Methodist University,Stanford,State,Temple,Thomas Jefferson,Thomas M. Cooley,Thurgood Marshall,Toledo,Tulane,Universidad de Puerto Rico,University of California,University of California - Los Angeles,University of Missouri Kansas City,"University of the District of Columbia, David A. Clarke School of Law",University of West Los Angeles,Valparaiso,Vanderbilt,Villanova,Washington & Lee,William & Mary,William Mitchell,Academics,Adademic,Academies,Academy,Accounting,Accountant,Accounts,Account,Administrative,Administration,Administrators,Administrator,Administratrix,Advertising,Agricultural,Agriculture,Alliances,Alliance,Alternatives,Alternative,Americans,American,America,And,Associates,Associate,Associations,Association,Atlantic,Authorities,Authority,Avenues,Avenue,Bankruptcy,Broadcasting,Broadcaster,Broadcasts,Broadcast,Brotherhoods,Brotherhood,Brothers,Buildings,Building,Businesses,Business,Capitals,Capital,Casualty,Catholics,Catholic,Center,Centre,Central,Chemicals,Chemical,Children,Coalition,Colleges,College,Commerce,Commercial,Commissioner,Commissions,Commission,Committees,Committee,Communications,Communication,Communities,Community,Companies,Company,Condominiums,Condominium,Congressional,Congress,Consolidated,Constructions,Construction,Continental,Contractor,Contracting,Contract,Cooperatives,Cooperative,Corporations,Corporation,Corrections,Correctional,Correction,Counties,County,Defenders,Defender,Defense,Defend,Departments,Department,Detention,Developments,Development,Digital,Directors,Director,Distributor,Distributing,Distribution,Districts,District,Divisions,Division,Doctors,Doctor's,Doctor,Eastern,East,Economical,Economics,Economic,Economy,Electronics,Electronic,Electrical,Electricity,Electric,Employees,Employee,Employ,Engineering,Engineers,Engineer,Enterprises,Enterprise,Entertainments,Entertainment,Environmental,Environment,Equality,Equipments,Equipment,Examiners,Examiner,Exchanges,Exchange,Executives,Executive,Executors,Executor,Executrix,Explorations,Exploratory,Exploration,Exporters,Exporter,Exportation,Export,Federal,Federation,Fidelity,Financing,Financial,Finance,Foundations,Foundation,Generals,General,Global,Governments,Government,Groups,Group,Guaranties,Guaranty,Housing,Human,Human,Immigration,Importers,Imports,Importer,Importation,Import,Incorporated,Indemnity,Independence,Independent,Industrial,Industries,Industry,Information,Injuries,Injury,Institutions,Institutes,Institution,Institute,Insurances,Insurance,Interests,Interest,International,Investors,Investments,Investor,Investment,Laboratories,Laboratory,Labor,Liability,Limited,Litigation,Machinery,Machines,Machine,Maintenance,Management,Manufacturers,Manufacturer,Maritime,Markets,Marketing,Market,Mechanical,Mechanics,Mechanic,Medical,Medicinal,Medicine,Memorial,Merchandising,Merchandise,Merchants,Merchant,Metropolitan,Mortgages,Mortgage,Municipal,National,North Carolina,North Dakota,Northeastern,Northeast,Northwestern,Northwest,Northern,North,Numbers,Number,Officials,Official,Offices,Office,Opinions,Opinion,Order,Organizing,Organizations,Organization,Pacific,Parishes,Parish,Partnerships,Partnership,Personnel,Personal,Person,Pharmaceuticals,Pharmaceutical,Politics,Political,Preservation,Preserve,Probation,Probate,Professional,Properties,Property,Protection,Publication,Publishing,Railroad,Railways,Railway,Recordings,Recording,Records,Record,Refining,Regional,Registers,Register,Regulatory,Regulator,Regulations,Regulation,Rehabilitative,Rehabilitation,Relations,Relation,Reproduction,Reproductive,Research,Resources,Resource,Restaurants,Restaurant,Retirement,Rights,Roads,Road,Savings,Schools,School,Secretaries,Secretary,Services,Service,Shareholders,Stockholders,Sharholder,Stockholder,Social,Societies,Society,Solutions,Solution,South Carolina,South Dakota,Southern,Southeastern,Southeast,Southwestern,Southwest,South,Steamships,Steamship,Streets,Street,Subcommittees,Subcommittee,Sureties,Surety,Systems,System,Teachers,Teacher,Technology,Technological,Technical,Telecommunication,Telephones,Telegraphs,Telephone,Telegraph,Temporary,Townships,Township,Transcontinental,Transportation,Transport,Trustees,Trustee,Uniforms,Uniform,U.S. Code,United States,Universities,University,Utility,Villages,Village,Western,West,Alabama,Alaska,Arizona,Arkansas,California,Colorado,Connecticut,Delaware,Florida,Georgia,Hawaii,Idaho,Illinois,Indiana,Iowa,Kansas,Kentucky,Louisiana,Maine,Maryland,Massachussetts,Michigan,Minnesota,Mississippi,Missouri,Montana,Nebraska,Nevada,New Hampshire,New Jersey,New Mexico,New York,Ohio,Oklahoma,Oregon,Pennsylvania,Rhode Island,Tennessee,Texas,Utah,Vermont,Washington,Wisconsin,Wyoming,Baltimore,Boston,Chicago,Dallas,District of Columbia,Houston,Los Angeles,New York,Philadelphia,Phoenix,San Francisco,Samoa,Guam,Mariana Islands,Puerto Rico,Virgin Islands,January,February,Febuary,March,April,May,June.,Jul.,August,September,October,November,December,2nd,3rd,Circuit,Sections,Section,Paragraphs,Paras.,Paragraph,Para.
Adel.,A.F.,Alb.,A.B.A.,A.B.A.,AIPLA,A.L.I.,JAMA,AMA,ASCAP,Am. U.,B.C.,B.U.,BYU,Brook.,Buff.,Calif.,Cap.,Chap.,C.L.U.,Cin.,CUNY,Clev.,Colum.,Cumb.,Dart.,Denv.,Det.,Dick.,Duq.,FIU,F.B.I.S.,Geo. Mason,Geo. Wash.,Geo.,Gonz.,Harv.,How.,J. Marshall,JAG,JAG,L.V.,L.R.A.,Loy.,Marq.,Melb.,Mem.,New Eng.,N.Y.U.,N.Y.U.,Pepp.,Pitt.,Rich.,Rocky Mtn. Min. L. Inst.,St. Louis,San Fern. V.,SMU,Stan.,St.,Temp.,T. Jefferson,T.M. Cooley,T. Marshall,Tol.,Tul.,U. P.R.,U.C.,UCLA,UMKC,UDC/DCSL,UWLA,Val.,Vand.,Vill.,Wash. & Lee,Wm. & Mary,Wm. Mitchell,Acads.,Acad.,Acads.,Acad.,Acct.,Acct.,Accts.,Acct.,Admin.,Admin.,Adm'rs,Adm'r,Adm'x,Advert.,Agric.,Agric.,Alls.,All.,Alts.,Alt.,Ams.,Am.,Am.,&,Assocs.,Assoc.,Ass'ns,Ass'n,Atl.,Auths.,Auth.,Aves.,Ave.,Bankr.,Broad.,Broad.,Broads.,Broad.,Bhds.,Bhd.,Bros.,Bldgs.,Bldg.,Businesses,Bus.,Caps.,Cap.,Cas.,Caths.,Cath.,Ctr.,Ctr.,Cent.,Chems.,Chem.,Child.,Coal.,Colls.,Coll.,Com.,Com.,Comm'r,Comm'ns,Comm'n,Comms.,Comm.,Commc'ns,Commc'n,Cmtys.,Cmty.,Cos.,Co.,Condos.,Condo.,Cong.,Cong.,Consol.,Constrs.,Constr.,Cont'l,Contractor,Cont.,Cont.,Coops.,Coop.,Corps.,Corp.,Corr.,Corr.,Corr.,Cntys.,Cnty.,Defs.,Def.,Def.,Def.,Dep'ts,Dep't,Det.,Devs.,Dev.,Dig.,Dirs.,Dir.,Distrib.,Distrib.,Distrib.,Dists.,Dist.,Divs.,Div.,Drs.,Dr.'s,Dr.,E.,E.,Econ.,Econ.,Econ.,Econ.,Elecs.,Elec.,Elec.,Elec.,Elec.,Emps.,Emp.,Emp.,Eng'g,Eng'rs,Eng'r,Enters.,Enter.,Enters.,Enter.,Env't,Env't,Equal.,Equips.,Equip.,Exam'rs,Exam'r,Exchs.,Exch.,Execs.,Exec.,Ex'rs,Ex'r,Ex'x,Expls.,Expl.,Expl.,Exps.,Exp.,Exp.,Exp.,Fed.,Fed'n,Fid.,Fin.,Fin.,Fin.,Founds.,Found.,Gens.,Gen.,Glob.,Gov'ts,Gov't,Grps.,Grp.,Guars.,Guar.,Hous.,Hums.,Hum.,Immigr.,Imps.,Imps.,Imp.,Imp.,Imp.,Inc.,Indem.,Indep.,Indep.,Indus.,Indus.,Indus.,Info.,Injs.,Inj.,Insts.,Insts.,Inst.,Inst.,Insurances,Ins.,Interests,Int.,Int'l,Invs.,Invs.,Inv.,Inv.,Labs.,Lab.,Lab.,Liab.,Ltd.,Litig.,Mach.,Machs.,Mach.,Maint.,Mgmt.,Mfrs.,Mfr.,Mar.,Mkts.,Mktg.,Mkt.,Mech.,Mechs.,Mech.,Med.,Med.,Med.,Mem'l,Merch.,Merch.,Merchs.,Merch.,Metro.,Mortgs.,Mortg.,Mun.,Nat'l,N.C.,N.D.,Ne.,Ne.,Nw.,Nw.,N.,N.,Nos.,No.,Offs.,Off.,Off.,Off.,Ops.,Op.,Ord.,Org.,Orgs.,Org.,Pac.,Pars.,Par.,P'ships,P'ship,Pers.,Pers.,Pers.,Pharm.,Pharm.,Pol.,Pol.,Pres.,Pres.,Prob.,Prob.,Prof'l,Props.,Prop.,Prot.,Publ'n,Publ'g,R.R.,Rys.,Ry.,Recs.,Rec.,Recs.,Rec.,Ref.,Reg'l,Regs.,Reg.,Regul.,Regul.,Reguls.,Regul.,Rehab.,Rehab.,Rels.,Rel.,Reprod.,Reprod.,Rsch.,Res.,Res.,Rests.,Rest.,Ret.,Rts.,Rds.,Rd.,Sav.,Sch.,Sch.,Sec'ys,Sec.,Servs.,Serv.,S'holders,S'holders,S'holder,S'holder,Soc.,Soc'ys,Soc'y,Sols.,Sol.,S.C.,S.D.,S.,Se.,Se.,Sw.,Sw.,S.,S.S.,S.S.,Sts.,St.,Subcomms.,Subcomm.,Surs.,Sur.,Sys.,Sys.,Tchrs.,Tchr.,Tech.,Tech.,Tech.,Telecomm.,Tels.,Tels.,Tel.,Tel.,Temp.,Twps.,Twp.,Transcon.,Transp.,Trans.,Trs.,Tr.,Unifs.,Unif.,U.S.C.,U.S.,Univs.,Univ.,Util.,Vills.,Vill.,W.,W.,Ala.,Alaska,Ariz.,Ark.,Cal.,Colo.,Conn.,Del.,Fla.,Ga.,Haw.,Idaho,Ill.,Ind.,Iowa,Kan.,Ky.,La.,Me.,Md.,Mass.,Mich.,Minn.,Miss.,Mo.,Mont.,Neb.,Nev.,N.H.,N.J.,N.M.,N.Y.,Ohio,Okla.,Or.,Pa.,R.I.,Tenn.,Tex.,Utah,Vt.,Wash.,Wis.,Wyo.,Balt.,Bos.,Chi.,Dall.,D.C.,Hous.,L.A.,N.Y.C.,Phila.,Phx.,S.F.,Sam.,Guam,Mar. I.,P.R.,V.I.,Jan.,Feb.,Feb.,Mar.,Apr.,May,June,July,Aug.,Sept.,Oct.,Nov.,Dec.,2d,3d,Cir.,§§,§,¶¶,¶¶,¶,¶
